{"cameraMode":{"drawMode":0,"name":"Shaded","section":"Shading Mode"},"sceneLighting":true,"audioPlay":false,"sceneViewState":{"m_AlwaysRefresh":false,"showFog":true,"showSkybox":true,"showFlares":true,"showImageEffects":true,"showParticleSystems":true,"showVisualEffectGraphs":true,"m_FxEnabled":true},"in2DMode":false,"pivot":{"x":0.6709475517272949,"y":5.075706481933594,"z":-1.6591005325317383},"rotation":{"x":-0.004372694995254278,"y":0.9484508037567139,"z":-0.01309867575764656,"w":-0.3166233003139496},"size":5.564193248748779,"orthographic":false}